{"stats":{"minecraft:picked_up":{"minecraft:wheat_seeds":1,"minecraft:mutton":2,"minecraft:white_wool":1},"minecraft:mined":{"minecraft:grass":10,"minecraft:tall_grass":1},"minecraft:custom":{"minecraft:time_since_rest":6280,"minecraft:crouch_one_cm":536,"minecraft:play_time":6280,"minecraft:sprint_one_cm":17620,"minecraft:damage_taken":240,"minecraft:walk_one_cm":17088,"minecraft:sneak_time":207,"minecraft:mob_kills":2,"minecraft:drop":1,"minecraft:jump":227,"minecraft:damage_dealt":469,"minecraft:leave_game":1,"minecraft:time_since_death":6280,"minecraft:total_world_time":6280,"minecraft:fall_one_cm":4717,"minecraft:fly_one_cm":41056},"minecraft:dropped":{"minecraft:wheat_seeds":1},"minecraft:used":{"minecraft:mutton":2},"minecraft:killed":{"minecraft:sheep":1,"minecraft:spider":1}},"DataVersion":3465}